ZINC000048523913; 0.591; OC(=O)C(=N/NC(=O)C1=CC=NC=C1)\\C1=CC=C(Cl)C=C1
ZINC000254702541; 0.533; CC(=NNC(=O)C1=CC=C(Cl)C=C1)C1=CC=NC=C1
ZINC000102506158; 0.479; C\\C(=N/O)C(=O)NCCNC(=O)C1=CC=NC=C1
ZINC000004117903; 0.471; CC(\\C=C\\C=C\\C1=CC=CC=C1)=NNC(=O)C1=CC=NC=C1
ZINC000252452397; 0.458; OC(=O)C1=CC=C(C=NNC(=O)C2=CC=NC=C2)C=C1
ZINC000012732500; 0.440; C\\C(C=NNC(=O)C1=CC=NC=C1)=C/C1=CC=CC=C1
ZINC000000068268; 0.436; O=C(NC1=CC=C(NC(=O)C2=CC=NC=C2)C=C1)C1=CC=NC=C1
ZINC000001684294; 0.436; O=C(NCCNC(=O)C1=CC=NC=C1)C1=CC=NC=C1
ZINC000000134803; 0.432; CC(=O)NC1=CC=C(NC(=O)C2=CC=NC=C2)C=C1
ZINC000254672018; 0.423; OC(=O)CCC(=NNC(=O)C1=CC=CN=C1)C(O)=O
ZINC000003153106; 0.415; O=C(NCCCNC(=O)C1=CC=NC=C1)C1=CC=NC=C1
ZINC000003150115; 0.415; O=C(NCCCCNC(=O)C1=CC=NC=C1)C1=CC=NC=C1
ZINC000000375901; 0.415; O=C(NC1=CC=CC=C1NC(=O)C1=CC=NC=C1)C1=CC=NC=C1
ZINC000000240850; 0.409; IC1=CC=C(NC(=O)C2=CC=NC=C2)C=C1
ZINC000002995923; 0.409; CC(C)(CNC(=O)C1=CC=NC=C1)CNC(=O)C1=CC=NC=C1
ZINC000004587151; 0.408; CC(=NNC1=CC=C(C=C1)C(O)=O)C1=CC=NC=C1
ZINC000008644276; 0.408; OC(=O)C(\\NC(=O)C1=CC=CC=C1)=C/C1=CC=NC=C1
ZINC000036908768; 0.408; OC(=O)C1=CC=C(CCNC(=O)C2=CC=NC=C2)C=C1
ZINC000004817364; 0.408; OC(=O)C(\\NC(=O)C1=CC=CC=C1)=C\\C1=CC=NC=C1
ZINC000097020641; 0.408; CCC(CC)(CNC(=O)C1=CC=NC=C1)C(O)=O
ZINC000004559255; 0.405; O=C(NCCCCCNC(=O)C1=CC=NC=C1)C1=CC=NC=C1
ZINC000000198891; 0.405; O=C(NC1CCC(CC1)NC(=O)C1=CC=NC=C1)C1=CC=NC=C1
ZINC000005605224; 0.405; O=C(CCC(=O)NC(=O)C1=CC=NC=C1)NC(=O)C1=CC=NC=C1
ZINC000003118700; 0.405; O=C(NCCCCCCNC(=O)C1=CC=NC=C1)C1=CC=NC=C1
ZINC000000476174; 0.405; O=C(NCC1=CC=C(CNC(=O)C2=CC=NC=C2)C=C1)C1=CC=NC=C1
ZINC000003118609; 0.405; O=C(NCCCCCCCNC(=O)C1=CC=NC=C1)C1=CC=NC=C1
ZINC000000029661; 0.400; O=C(NC1=CC=NC=C1)C1=CC=C(C=C1)C(=O)NC1=CC=NC=C1
ZINC000097018965; 0.400; OC(=O)CCC1=CC=C(NC(=O)C2=CC=NC=C2)C=C1
ZINC000004104029; 0.400; CC1=CC=C(C=C1)C(=O)NCCNC(=O)C1=CC=NC=C1
ZINC000008424187; 0.400; CNC(=O)C1=CC=C(NC(=O)C2=CC=NC=C2)C=C1
ZINC000016400443; 0.400; OC(=O)COC1=CC=C(C=NNC(=O)C2=CC=NC=C2)C=C1
ZINC000005577772; 0.396; CC(=O)NC1=CC=CC(NC(=O)C2=CC=NC=C2)=C1
ZINC000001704381; 0.395; O=C(NCCNC(=O)C1=CC=NC=C1)C1=CC=CC=C1
ZINC000000342386; 0.395; O=C(NC1=CC=CC(NC(=O)C2=CC=NC=C2)=N1)C1=CC=NC=C1
ZINC000000482705; 0.395; O=C(NC1=CC(NC(=O)C2=CC=NC=C2)=CC=C1)C1=CC=NC=C1
ZINC000001952879; 0.393; OC(=O)C1=CC=C(\\C=N\\NC(=O)CNC(=O)C2=CC=NC=C2)C=C1
ZINC000254756521; 0.392; BrC1=CC=C(S1)C=NNC(=O)C1=CC=NC=C1
ZINC000095965566; 0.392; CC(C)(C(O)=O)C1=CC=C(NC(=O)C2=CC=NC=C2)C=C1
ZINC000005004468; 0.392; O\\N=C(\\O)C1=CC=CC=C1NC(=O)C1=CC=NC=C1
ZINC000000039044; 0.392; CC1=CC=C(C(O)=O)C(NC(=O)C2=CC=NC=C2)=C1
ZINC000022143932; 0.392; CC1=CC=CC(C(O)=O)=C1NC(=O)C1=CC=NC=C1
ZINC000015985577; 0.392; O=C(NN=CC1=CC2=NC=CN=C2C=C1)C1=CC=NC=C1
ZINC000000841245; 0.391; CC(=O)NC1=CC=C(C=C1)C(=O)NC1=CC=NC=C1
ZINC000005775098; 0.388; OC(=O)[C@H](NC(=O)C1=CC=NC=C1)C1=CC=CC=C1
ZINC000005774852; 0.388; OC(=O)[C@@H](NC(=O)C1=CC=NC=C1)C1=CC=CC=C1
ZINC000000551248; 0.388; CC(=O)C1=C(C)N(NC(=O)C2=CC=NC=C2)C(C)=C1C(C)=O
ZINC000002115174; 0.386; FC1=C(F)C(F)=C(NC(=O)C2=CC=NC=C2)C(F)=C1F
ZINC000005592207; 0.386; C\\C(=N/N(C1=CC=CC=C1)C1=CC=CC=C1)C(O)=O
ZINC000254834909; 0.385; CC(=NNC1=CC=CC=C1C(O)=O)C1=CC=NC=C1
ZINC000012421339; 0.385; CC1=CC=C(NC(=O)C2=CC=NC=C2)C(=C1)C(O)=O
ZINC000254404318; 0.385; OC(=O)CCC(=NNC(=O)C1=CC=C(Cl)C=C1)C(O)=O
ZINC000043503221; 0.385; OC(=O)[C@@]1(CCSC1)NC(=O)C1=CC=NC=C1
ZINC000043503219; 0.385; OC(=O)[C@]1(CCSC1)NC(=O)C1=CC=NC=C1
ZINC000000284011; 0.383; O[C@H](NC(=O)C1=CC=NC=C1)C(Cl)(Cl)Cl
ZINC000004487330; 0.383; CC1=CC=C(C=C1)C(=O)NCCCNC(=O)C1=CC=NC=C1
ZINC000000284007; 0.383; O[C@@H](NC(=O)C1=CC=NC=C1)C(Cl)(Cl)Cl
ZINC000014553837; 0.383; CC(C)NC(=O)C1=CC=C(NC(=O)C2=CC=NC=C2)C=C1
ZINC000000474646; 0.383; CC1=CC=C(NC(=O)C2=CC=NC=C2)C(NC(=O)C2=CC=NC=C2)=C1
ZINC000036391374; 0.383; CNC(=O)NC1=CC=C(NC(=O)C2=CC=NC=C2)C=C1
ZINC000016989549; 0.380; N\\C(=N\\O)C1=CC=C(NC(=O)C2=CC=NC=C2)C=C1
ZINC000006971161; 0.379; OC(=O)C1=CC=C(C=C1)N1C=CC=C1\\C=N\\NC(=O)C1=CC=NC=C1
ZINC000017315937; 0.379; CC(=C)[C@@H]1CC=C(C)C(C1)=NNC(=O)C1=CC=NC=C1
ZINC000017315939; 0.379; CC(=C)[C@H]1CC=C(C)C(C1)=NNC(=O)C1=CC=NC=C1
ZINC000003099845; 0.378; BrC1=CC=C(NC(=O)C2=CC=NC=C2)C=C1
ZINC000004487314; 0.378; O=C(NCCCNC(=O)C1=CC=NC=C1)C1=CC=CC=C1
ZINC000000327299; 0.378; IC1=CC=C(C=C1)C(=O)NC1=CC=NC=C1
ZINC000138132231; 0.377; OC(=O)C1(CNC(=O)C2=CC=NC=C2)CCOCC1
ZINC000097018327; 0.377; C[C@@H]([C@H](NC(=O)C1=CC=NC=C1)C1=CC=CC=C1)C(O)=O
ZINC000097018332; 0.377; C[C@H]([C@@H](NC(=O)C1=CC=NC=C1)C1=CC=CC=C1)C(O)=O
ZINC000097018329; 0.377; C[C@H]([C@H](NC(=O)C1=CC=NC=C1)C1=CC=CC=C1)C(O)=O
ZINC000097018330; 0.377; C[C@@H]([C@@H](NC(=O)C1=CC=NC=C1)C1=CC=CC=C1)C(O)=O
ZINC000032826744; 0.377; CCCC1=CC=C(NC(=O)CNC(=O)C2=CC=NC=C2)C=C1
ZINC000004487336; 0.375; CC(C)(C)C1=CC=C(C=C1)C(=O)NCCNC(=O)C1=CC=NC=C1
ZINC000254572187; 0.375; OC1=C(Cl)C=C(Cl)C=C1C=NNC(=O)C1=CC=NC=C1
ZINC000004839893; 0.375; CC(C)C1=CC=C(C=C1)C(=O)NCCNC(=O)C1=CC=NC=C1
ZINC000000145167; 0.375; CCC1=CC=CC(CC)=C1NC(=O)C1=CC=NC=C1
ZINC000014836755; 0.375; CC(C)(C)NC(=O)C1=CC=C(NC(=O)C2=CC=NC=C2)C=C1
ZINC000013614091; 0.375; CCC(=O)NC1=CC=C(NC(=O)C2=CC=NC=C2)C=C1
ZINC000002652524; 0.375; FC1=CC=C(NC(=O)C2=CC=NC=C2)C(F)=C1F
ZINC000009230474; 0.375; CC(C)C(=O)NC1=CC=C(NC(=O)C2=CC=NC=C2)C=C1
ZINC000000453062; 0.375; COC1=CC(OC)=CC(NC(=O)C2=CC=NC=C2)=C1
ZINC000013631495; 0.375; CCNC(=O)C1=CC=C(NC(=O)C2=CC=NC=C2)C=C1
ZINC000002986345; 0.375; COC1=CC=C(C=C1)C(=O)NCCNC(=O)C1=CC=NC=C1
ZINC000094743127; 0.373; OC(=O)[C@@H]1CCCCC[C@@H]1NC(=O)C1=CC=NC=C1
ZINC000094743124; 0.373; OC(=O)[C@H]1CCCCC[C@H]1NC(=O)C1=CC=NC=C1
ZINC000094743126; 0.373; OC(=O)[C@@H]1CCCCC[C@H]1NC(=O)C1=CC=NC=C1
ZINC000032826332; 0.373; O=C(CNC(=O)C1=CC=NC=C1)NCCC1=CC=CC=C1
ZINC000003068358; 0.373; OC(=O)CC[C@@H](NC(=O)C1=CC=NC=C1)C(O)=O
ZINC000096319551; 0.373; OC(=O)C1=C(NC(=O)C2=CC=NC=C2)SN=N1
ZINC000094743125; 0.373; OC(=O)[C@H]1CCCCC[C@@H]1NC(=O)C1=CC=NC=C1
ZINC000003068357; 0.373; OC(=O)CC[C@H](NC(=O)C1=CC=NC=C1)C(O)=O
ZINC000025327794; 0.373; CC(=O)NC1=CC=C(CNC(=O)C2=CC=NC=C2)C=C1
ZINC000004750531; 0.373; CN(C(C)=O)C1=CC=C(NC(=O)C2=CC=NC=C2)C=C1
ZINC000002774194; 0.373; C[C@H](CCC1=CC=CC=C1)NC(=O)C1=CC=NC=C1
ZINC000004869506; 0.373; OC(=O)C1=CC=C(NC(=S)NC(=O)C2=CC=NC=C2)C=C1
ZINC000000376363; 0.373; C[C@@H](CCC1=CC=CC=C1)NC(=O)C1=CC=NC=C1
ZINC000010683991; 0.373; CC(C)OC1=CC=CC=C1NC(=O)C1=CC=NC=C1
ZINC000000168509; 0.373; COC1=CC=C(CCNC(=O)C2=CC=NC=C2)C=C1
ZINC000005571690; 0.372; O=C(NCC1=CC=NC=C1)C1=CC=C(C=C1)C(=O)NCC1=CC=NC=C1
ZINC000012729065; 0.370; O=C(NN=CC1=CC=C2OCCOC2=C1)C1=CC=NC=C1
ZINC000003107773; 0.370; IC1=CC=CC=C1NC(=O)C1=CC=NC=C1
ZINC000004498065; 0.370; FC1=CC=C(C=C1)C(=O)NCCNC(=O)C1=CC=NC=C1
ZINC000004857963; 0.370; BrC1=CC=C(C=C1)C(=O)NCCNC(=O)C1=CC=NC=C1
ZINC000002745272; 0.370; O=C(NCC1=CC(CNC(=O)C2=CC=NC=C2)=CC=C1)C1=CC=NC=C1
ZINC000000453174; 0.367; COC1=CC=C(NC(=O)C2=CC=NC=C2)C=C1OC
ZINC000020085924; 0.367; OS(=O)(=O)C1=CC=C(NC(=O)C2=CC=NC=C2)C=C1
ZINC000004487333; 0.367; CC1=CC=C(C=C1C)C(=O)NCCNC(=O)C1=CC=NC=C1
ZINC000019207988; 0.367; CNC(=O)C1=CC=CC=C1NC(=O)C1=CC=NC=C1
ZINC000011362433; 0.367; CS(=O)(=O)NC1=CC=C(NC(=O)C2=CC=NC=C2)C=C1
ZINC000006542386; 0.367; CS(=O)(=O)C1=CC=C(NC(=O)C2=CC=NC=C2)C=C1
ZINC000012980265; 0.367; O=C(NC1(CCC1)C1=CC=CC=C1)C1=CC=NC=C1
ZINC000012406020; 0.367; CCCNC(=O)C1=CC=C(NC(=O)C2=CC=NC=C2)C=C1
ZINC000007595454; 0.367; CN(C)C(=O)C1=CC=C(NC(=O)C2=CC=NC=C2)C=C1
ZINC000003121130; 0.367; COC(=O)C1=CC=C(NC(=O)C2=CC=NC=C2)C=C1
ZINC000008128093; 0.367; ClC1=CC=C(CCNC(=O)C2=CC=NC=C2)C=C1
ZINC000002773945; 0.367; O=C(NCCCCC1=CC=CC=C1)C1=CC=NC=C1
ZINC000014838916; 0.367; CCCC(=O)NC1=CC=C(NC(=O)C2=CC=NC=C2)C=C1
ZINC000000206832; 0.365; OC(=O)C[C@@H](NC(=O)C1=CC=NC=C1)C1=CC=CC=C1
ZINC000022141862; 0.365; OC(=O)C1=CC(NC(=O)C2=CC=NC=C2)=CC=C1O
ZINC000037716380; 0.365; OC(=O)C1=CC=CC(CNC(=O)C2=CC=NC=C2)=C1
ZINC000036393130; 0.365; CC1=CC=C(C=C1)[C@@H](O)CNC(=O)C1=CC=NC=C1
ZINC000036393129; 0.365; CC1=CC=C(C=C1)[C@H](O)CNC(=O)C1=CC=NC=C1
ZINC000001769143; 0.365; OC(=O)[C@H](CC1=CC=CC=C1)NC(=O)C1=CC=NC=C1
ZINC000002046570; 0.365; OC(=O)[C@@H](CC1=CC=CC=C1)NC(=O)C1=CC=NC=C1
ZINC000097107051; 0.365; CC(=O)C1=CC=C(F)C=C1NC(=O)C1=CC=NC=C1
ZINC000000206834; 0.365; OC(=O)C[C@H](NC(=O)C1=CC=NC=C1)C1=CC=CC=C1
ZINC000005937247; 0.365; CN(C)C1(CNC(=O)C2=CC=NC=C2)CCCCC1
ZINC000157981166; 0.365; CC(=O)C1=C(C)C=CC=C1NC(=O)C1=CC=NC=C1
ZINC000072296715; 0.365; CS(=O)(=O)C1=CC=C(CCNC(=O)C2=CC=NC=C2)C=C1
ZINC000000994408; 0.365; CC(=O)NS(=O)(=O)C1=CC=C(NC(=O)C2=CC=NC=C2)C=C1
ZINC000000033513; 0.365; CC1(C)CC(CC(C)(C)N1O)NC(=O)C1=CC=NC=C1
ZINC000075463030; 0.364; C[C@@H](NC(=O)C1=CC=NC=C1)C(=O)N=C1NC2=CC=CC=C2N1
ZINC000075463025; 0.364; C[C@H](NC(=O)C1=CC=NC=C1)C(=O)N=C1NC2=CC=CC=C2N1
ZINC000007037080; 0.362; O=C(NC1C2CC3CC(C2)CC1C3)C1=CC=NC=C1
ZINC000019860380; 0.362; C\\C(=C(/NC(=O)C1=CC=CC=C1)C(O)=O)C1=CC=CC=C1
ZINC000002028166; 0.362; C\\C(=C(\\NC(=O)C1=CC=CC=C1)C(O)=O)C1=CC=CC=C1
ZINC000005557278; 0.362; O=C(NC12CC3CC(CC(C3)C1)C2)C1=CC=NC=C1
ZINC000000453138; 0.362; BrC1=CC=CC=C1NC(=O)C1=CC=NC=C1
ZINC000254288540; 0.361; CC(=NNC(=O)C1=CC=CN=C1)C1=CC=CC(OCC(O)=O)=C1
ZINC000013494605; 0.360; CC(C)(C)C(=O)NCCCNC(=O)C1=CC=NC=C1
ZINC000004487325; 0.360; CC1=CC=CC(=C1)C(=O)NCCNC(=O)C1=CC=NC=C1
ZINC000000268820; 0.360; CC(=O)OC1=CC=C(C=C1)C(=O)NC1=CC=NC=C1
ZINC000004487319; 0.360; CC1=CC=CC=C1C(=O)NCCNC(=O)C1=CC=NC=C1
ZINC000013630630; 0.360; CNC(=O)C1=CC=CC(NC(=O)C2=CC=NC=C2)=C1
ZINC000096098537; 0.360; CN(C)C1=NC(C)=C(NC(=O)C2=CC=NC=C2)C(C)=N1
ZINC000071911032; 0.360; CC(C)(C)C1=CC=C(NC(=O)C2=CC=NC=C2)N=N1
ZINC000001056513; 0.360; COC1=CC(NC(=O)C2=CC=NC=C2)=CC(OC)=C1OC
ZINC000000198825; 0.360; CC1=C2C(=C(C)N1NC(=O)C1=CC=NC=C1)C(C)=NN=C2C
ZINC000004487382; 0.360; COC1=CC=C(C=C1)C(=O)NCCCNC(=O)C1=CC=NC=C1
ZINC000018215076; 0.360; CN(C)C1=CC=C(CNC(=O)C2=CC=NC=C2)C=C1
ZINC000012381367; 0.360; CC(C)(C)C1CCC(CC1)NC(=O)C1=CC=NC=C1
ZINC000005015283; 0.360; CC(C)C1=CC=C(C=C1)C(=O)NCCCNC(=O)C1=CC=NC=C1
ZINC000005015298; 0.360; CC(C)(C)C1=CC=C(C=C1)C(=O)NCCCNC(=O)C1=CC=NC=C1
ZINC000000253857; 0.360; COC(=O)C1=CC(=CC(NC(=O)C2=CC=NC=C2)=C1)C(=O)OC
ZINC000025324940; 0.360; O=C(NCC1(CC1)C1=CC=CC=C1)C1=CC=NC=C1
ZINC000000144435; 0.360; CC(C)OC1=CC=C(NC(=O)C2=CC=NC=C2)C=C1
ZINC000000433648; 0.360; CCN(CC)C1=CC=C(NC(=O)C2=CC=NC=C2)C=C1
ZINC000041569169; 0.360; FC1=CC=C(C=C1)C1(CC1)NC(=O)C1=CC=NC=C1
ZINC000097107075; 0.358; CC(=O)C1=CC(Br)=CC=C1NC(=O)C1=CC=NC=C1
ZINC000008718420; 0.358; CC(C)(C)C1=CC=C(O)C(NC(=O)C2=CC=NC=C2)=C1
ZINC000000175612; 0.358; CCSC1=NN=C(NC(=O)C2=CC=NC=C2)S1
ZINC000188740239; 0.358; CC1=CC(CCNC(=O)C2=CC=NC=C2)=CC(C)=C1O
ZINC000006886877; 0.358; CC(=O)C1=C(C)N=C(NC(=O)C2=CC=NC=C2)S1
ZINC000025076835; 0.358; COC(=O)C1=CC=C(CCNC(=O)C2=CC=NC=C2)C=C1
ZINC000021963728; 0.358; OC(=O)CC1=CSC(NC(=O)C2=CC=NC=C2)=N1
ZINC000087844772; 0.358; OC(=O)CC1=CC=CC(NC(=O)C2=CC=NC=C2)=C1
ZINC000096121023; 0.358; CN(C)C1=CC=NC(CNC(=O)C2=CC=NC=C2)=N1
ZINC000020512821; 0.358; CC(=O)N1CCN(CCNC(=O)C2=CC=NC=C2)CC1
ZINC000016622051; 0.358; OC(=O)C1=CC(Cl)=CC=C1NC(=O)C1=CC=NC=C1
ZINC000254707217; 0.357; CC(=NNC(=O)C1=CC=CC=C1)C1=CC=C(OCC(O)=O)C=C1
ZINC000013136366; 0.356; C[C@H]1OC2=CC=CC=C2C=C1C=NNC(=O)C1=CC=NC=C1
ZINC000013136365; 0.356; C[C@@H]1OC2=CC=CC=C2C=C1C=NNC(=O)C1=CC=NC=C1
ZINC000002965833; 0.354; IC1=CC=C(C=C1)C(=O)NCC1=CC=NC=C1
ZINC000004487346; 0.354; FC1=CC=C(C=C1)C(=O)NCCCNC(=O)C1=CC=NC=C1
ZINC000001053912; 0.354; FC(F)(F)C1=CC=C(NC(=O)C2=CC=NC=C2)C=C1
ZINC000004487440; 0.354; O=C(NCCCNC(=O)C1=CC=CN=C1)C1=CC=NC=C1
ZINC000000440054; 0.354; O=C(NN1C(=O)C2=CC=CC=C2C1=O)C1=CC=NC=C1
ZINC000004487350; 0.354; ClC1=CC=C(C=C1)C(=O)NCCCNC(=O)C1=CC=NC=C1
ZINC000005002952; 0.353; O=C(NC(=O)C1=CC=NC=C1)NC12CC3CC(CC(C3)C1)C2
ZINC000031694932; 0.353; CSC1=CC=C(C=C1)[C@H](C)NC(=O)C1=CC=NC=C1
ZINC000004975341; 0.353; CCCOC1=CC=C(NC(=O)C2=CC=NC=C2)C=C1
ZINC000000119499; 0.353; CC(C)OC(=O)C1=CC=C(NC(=O)C2=CC=NC=C2)C=C1
ZINC000012406036; 0.353; CCCCNC(=O)C1=CC=C(NC(=O)C2=CC=NC=C2)C=C1
ZINC000006259104; 0.353; COC1=CC(C)=C(NC(=O)C2=CC=NC=C2)C=C1OC
ZINC000014025175; 0.353; CC(C)NC(=O)C1=CC=CC=C1NC(=O)C1=CC=NC=C1
ZINC000041341734; 0.353; C[C@@H](CCNC(=O)C1=CC=NC=C1)C1=CC=CC=C1
ZINC000068074178; 0.353; CC(C)(C)C1=NSC(NC(=O)C2=CC=NC=C2)=N1
ZINC000095945741; 0.353; OC1=CC=C(Br)N=C1NC(=O)C1=CC=NC=C1
ZINC000219105648; 0.353; O=C(N[C@H]1COC2(C1)CCCCC2)C1=CC=NC=C1
ZINC000001829984; 0.353; CN(C)CCCNCCCNC(=O)C1=CC=NC=C1
ZINC000000407408; 0.353; CC(C)(C)C1=CSC(NC(=O)C2=CC=NC=C2)=N1
ZINC000219105576; 0.353; O=C(N[C@@H]1COC2(C1)CCCCC2)C1=CC=NC=C1
ZINC000000240788; 0.353; CC1=CC=C(NC(=O)C2=CC=NC=C2)C(Br)=C1
ZINC000018134984; 0.353; CCC[C@H](NC(=O)C1=CC=NC=C1)C1=CC=CC=C1
ZINC000003609879; 0.353; CC1=CC=C(NC(=O)C2=CC=NC=C2)C=C1I
ZINC000000233202; 0.353; CC1=CC(I)=CC=C1NC(=O)C1=CC=NC=C1
ZINC000004487388; 0.353; CC(C)OC1=CC=C(C=C1)C(=O)NCCNC(=O)C1=CC=NC=C1
ZINC000005678934; 0.353; CC1=CC(NC(=O)C2=CC=NC=C2)=CC=C1Br
ZINC000031694929; 0.353; CSC1=CC=C(C=C1)[C@@H](C)NC(=O)C1=CC=NC=C1
ZINC000010218687; 0.353; CC1=CC(Br)=CC=C1NC(=O)C1=CC=NC=C1
ZINC000012406021; 0.353; CC(C)(C)C(=O)NC1=CC=CC(NC(=O)C2=CC=NC=C2)=C1
ZINC000016602414; 0.353; CCCCC1=CC=C(C=C1)C(=O)NCC1=CC=NC=C1
ZINC000018134983; 0.353; CCC[C@@H](NC(=O)C1=CC=NC=C1)C1=CC=CC=C1
ZINC000041341736; 0.353; C[C@H](CCNC(=O)C1=CC=NC=C1)C1=CC=CC=C1
ZINC000009259269; 0.353; CC(C)CC(=O)NC1=CC=C(NC(=O)C2=CC=NC=C2)C=C1
ZINC000020860347; 0.352; C[C@H](NC(=O)C1=CC=NC=C1)C(O)(CC=C)CC=C
ZINC000005354899; 0.352; COC(=O)[C@](O)(NC(=O)C1=CC=NC=C1)C(F)(F)F
ZINC000005355181; 0.352; COC(=O)[C@@](O)(NC(=O)C1=CC=NC=C1)C(F)(F)F
ZINC000037588122; 0.352; OC(=O)CC[C@H](NC(=O)C1=CC=NC=C1)C1=CC=CC=C1
ZINC000072287367; 0.352; CC(C)(C)OC(=O)C1(CCCC1)NC(=O)C1=CC=NC=C1
ZINC000036565864; 0.352; CN(C)C(=O)CCC1=CC=C(NC(=O)C2=CC=NC=C2)C=C1
ZINC000037588120; 0.352; OC(=O)CC[C@@H](NC(=O)C1=CC=NC=C1)C1=CC=CC=C1
ZINC000020860342; 0.352; C[C@@H](NC(=O)C1=CC=NC=C1)C(O)(CC=C)CC=C
ZINC000254634417; 0.352; CC(=NNC(=O)C1=CC=C(Cl)C=C1)C1=CC=CC=C1O
ZINC000079098322; 0.352; C\\C(=C\\C(=O)OCCNC(=O)C1=CC=NC=C1)C1=CC=NC=C1
ZINC000098056548; 0.352; C\\C(=C/C(=O)OCCNC(=O)C1=CC=NC=C1)C1=CC=NC=C1
ZINC000072473916; 0.352; CC(C)(O)CCC1=CC=C(C=C1)C(=O)NCCC1=CC=NC=C1
ZINC000030370582; 0.352; CC(C)OCC1=CC=CC=C1CNC(=O)C1=CC=NC=C1
ZINC000001878175; 0.351; O=C(CNC(=O)C1=CC=NC=C1)N\\N=C\\C=C\\C1=CC=CC=C1
ZINC000252474969; 0.351; CC(=NNC1=CC=C(Cl)C(=C1)C(O)=O)C1=CC=NC=C1
ZINC000004117753; 0.351; CC(\\C=C\\C=C\\C1=CC=CC=C1)=NNC(=O)C1=CC=CN=C1
ZINC000257308928; 0.351; OC(=O)C1=CC=CC=C1C1=CN=C(CNC(=O)C2=CC=NC=C2)N=C1
ZINC000193030807; 0.350; CCO[C@H]1C[C@](NC(=O)C2=CC=NC=C2)(C(O)=O)C1(C)C
ZINC000193030794; 0.350; CCO[C@@H]1C[C@](NC(=O)C2=CC=NC=C2)(C(O)=O)C1(C)C
ZINC000193030823; 0.350; CCO[C@@H]1C[C@@](NC(=O)C2=CC=NC=C2)(C(O)=O)C1(C)C
ZINC000193030838; 0.350; CCO[C@H]1C[C@@](NC(=O)C2=CC=NC=C2)(C(O)=O)C1(C)C
ZINC000000244996; 0.348; BrC1=CC=C(C=C1)C(=O)NC1=CC=NC=C1
ZINC000006831584; 0.347; O=C(NC1=NC(=CS1)C1=CC=NC=C1)C1=CC=NC=C1
ZINC000003656415; 0.347; FC(F)(F)C(=O)NCCNC(=O)C1=CC=NC=C1
ZINC000000290780; 0.347; BrC1=CC=C(NC(=O)C2=CC=NC=C2)N=C1
ZINC000084605635; 0.347; O=C(NC1=NC2=CC=CC=C2N=C1)C1=CC=NC=C1
ZINC000000453038; 0.347; BrC1=CC(NC(=O)C2=CC=NC=C2)=CC=C1
ZINC000000240848; 0.347; O=C(NC1=CC=C(OC(=O)C2=CC=NC=C2)C=C1)C1=CC=NC=C1
ZINC000086997161; 0.347; IC1=CC=C(NC(=O)C2=CC=NC=C2)N=C1
ZINC000005443526; 0.347; IC1=CC(NC(=O)C2=CC=NC=C2)=CC=C1
ZINC000009230850; 0.346; CCC(=O)NC1=CC=CC(NC(=O)C2=CC=NC=C2)=C1
ZINC000000043177; 0.346; COC1=CC=C(NC(=O)C2=CC=NC=C2)C(OC)=C1
ZINC000003550667; 0.346; FC(F)OC1=CC=CC=C1NC(=O)C1=CC=NC=C1
ZINC000014188437; 0.346; CC1=CC=C(SCCNC(=O)C2=CC=NC=C2)C=C1
ZINC000006725916; 0.346; COC1=CC=C(C=C1)[C@@H](C)NC(=O)C1=CC=NC=C1
ZINC000006697767; 0.346; CC(C)(C)NC(=O)C1=CC=CC=C1NC(=O)C1=CC=NC=C1
ZINC000000283908; 0.346; CCOC(=O)C1=CC=C(NC(=O)C2=CC=NC=C2)C=C1
ZINC000009231741; 0.346; CC(C)C(=O)NC1=CC=CC(NC(=O)C2=CC=NC=C2)=C1
ZINC000021938326; 0.346; CN(C)CC1=CC=CC=C1CNC(=O)C1=CC=NC=C1
ZINC000002866176; 0.346; O=C(NCCCNC1CCCCC1)C1=CC=NC=C1
ZINC000004498121; 0.346; CCC1=CC=C(CNCCNC(=O)C2=CC=NC=C2)C=C1
ZINC000000169247; 0.346; COC(=O)C1=CC=CC=C1NC(=O)C1=CC=NC=C1
ZINC000025303823; 0.346; COCC1=CC=CC=C1CNC(=O)C1=CC=NC=C1
ZINC000006730164; 0.346; CN(C)C(=O)C1=CC=CC=C1NC(=O)C1=CC=NC=C1
ZINC000006244382; 0.346; OCCNC(=O)CCCNC(=O)C1=CC=NC=C1
ZINC000014025178; 0.346; CCNC(=O)C1=CC=CC=C1NC(=O)C1=CC=NC=C1
ZINC000000119476; 0.346; COC1=CC=C(OC)C(NC(=O)C2=CC=NC=C2)=C1
ZINC000000219569; 0.346; CC1(C)CC(=O)C(=CNC(=O)C2=CC=NC=C2)C(=O)C1
ZINC000220139117; 0.346; CC1=CN=CC=C1NCCNC(=O)C1=CC=NC=C1
ZINC000012740707; 0.346; CC1=CC=C(C=C1)C(=O)NCC(=O)NC1=CC=NC=C1
ZINC000004487320; 0.346; CC1=CC=CC=C1C(=O)NCCCNC(=O)C1=CC=NC=C1
ZINC000006700961; 0.346; CC1=CC=CC(=C1)C(=O)NCCCNC(=O)C1=CC=NC=C1
ZINC000047918270; 0.346; CNC(=O)[C@@H](NC(=O)C1=CC=NC=C1)C1=CC=CC=C1
ZINC000000184063; 0.346; CC(=O)NC1=CC=C(C=C1)C(=O)NCC1=CC=NC=C1
ZINC000047918269; 0.346; CNC(=O)[C@H](NC(=O)C1=CC=NC=C1)C1=CC=CC=C1
ZINC000257318377; 0.346; O[C@@H]1CCCC[C@@H](NC(=O)C2=CC=NC=C2)[C@H]1O
ZINC000006725915; 0.346; COC1=CC=C(C=C1)[C@H](C)NC(=O)C1=CC=NC=C1
ZINC000005676679; 0.346; C[C@H](NC(=O)C1=CC=NC=C1)C12CC3CC(CC(C3)C1)C2
ZINC000075357802; 0.346; CCOCC1=CC=C(NC(=O)C2=CC=NC=C2)C=C1
ZINC000006698203; 0.346; CC(C)(C)[C@H]1CCCC[C@H]1NC(=O)C1=CC=NC=C1
ZINC000004487394; 0.346; COC1=CC(=CC(OC)=C1)C(=O)NCCCNC(=O)C1=CC=NC=C1
ZINC000000234695; 0.346; O=C(NN1C(=O)C2=CC=CC3=CC=CC(C1=O)=C23)C1=CC=NC=C1
ZINC000000792756; 0.346; CN(C)S(=O)(=O)C1=CC=C(NC(=O)C2=CC=NC=C2)C=C1
ZINC000025438046; 0.346; CC(C)(C#N)C1=CC=C(NC(=O)C2=CC=NC=C2)C=C1
ZINC000006725443; 0.346; CCC1=CC=C(C=C1)[C@@H](C)NC(=O)C1=CC=NC=C1
ZINC000006698200; 0.346; CC(C)(C)[C@@H]1CCCC[C@@H]1NC(=O)C1=CC=NC=C1
ZINC000005555451; 0.346; C[C@H](NC(=O)C1=CC=NC=C1)C1C2CC3CC(C2)CC1C3
ZINC000002763715; 0.346; CC[C@@H](NC(=O)C1=CC=NC=C1)C1=CC=C(C)C=C1
ZINC000007408404; 0.346; CCN(CC)C(=O)C1=CC=C(NC(=O)C2=CC=NC=C2)C=C1
ZINC000002763714; 0.346; CC[C@H](NC(=O)C1=CC=NC=C1)C1=CC=C(C)C=C1
ZINC000005751133; 0.346; C[C@@H](NC(=O)C1=CC=NC=C1)C12CC3CC(CC(C3)C1)C2
ZINC000017907908; 0.346; C[C@@H](NC(=O)C1=CC=NC=C1)C1=CC=CC=C1Cl
ZINC000006725444; 0.346; CCC1=CC=C(C=C1)[C@H](C)NC(=O)C1=CC=NC=C1
ZINC000006698202; 0.346; CC(C)(C)[C@@H]1CCCC[C@H]1NC(=O)C1=CC=NC=C1
ZINC000097115869; 0.346; CSCC1=CC=CC=C1NC(=O)C1=CC=NC=C1
ZINC000031091676; 0.346; CC1=CC=C(NC(=O)C2=CC=NC=C2)C2=CC=CN=C12
ZINC000012101260; 0.346; O=C(NCC1(CCCC1)C1=CC=CC=C1)C1=CC=NC=C1
ZINC000005555452; 0.346; C[C@@H](NC(=O)C1=CC=NC=C1)C1C2CC3CC(C2)CC1C3
ZINC000004802465; 0.346; C[C@H](NC(=O)C1=CC=NC=C1)C1=CC=C(C)C(C)=C1
ZINC000017907910; 0.346; C[C@H](NC(=O)C1=CC=NC=C1)C1=CC=CC=C1Cl
ZINC000018135959; 0.346; CC(C)[C@@H](NC(=O)C1=CC=NC=C1)C1=CC=C(F)C=C1
ZINC000006698201; 0.346; CC(C)(C)[C@H]1CCCC[C@@H]1NC(=O)C1=CC=NC=C1
ZINC000018135960; 0.346; CC(C)[C@H](NC(=O)C1=CC=NC=C1)C1=CC=C(F)C=C1
ZINC000004802452; 0.346; C[C@@H](NC(=O)C1=CC=NC=C1)C1=CC=C(C)C(C)=C1
ZINC000254821701; 0.345; OC(=O)CCC(=NNC(=O)C1=CC=CC=N1)C(O)=O
ZINC000097036656; 0.345; OC(=O)[C@H](NC(=O)C1=CC=NC=C1)C1=CC=C(F)C(F)=C1
ZINC000097036655; 0.345; OC(=O)[C@@H](NC(=O)C1=CC=NC=C1)C1=CC=C(F)C(F)=C1
ZINC000000128118; 0.345; CC1(C)C[C@@H](NC(=O)C2=CC=NC=C2)C(C)(C)N1O
ZINC000032826513; 0.345; COC1=CC=C(CNC(=O)CNC(=O)C2=CC=NC=C2)C=C1
ZINC000000128123; 0.345; CC1(C)C[C@H](NC(=O)C2=CC=NC=C2)C(C)(C)N1O
ZINC000096010253; 0.345; COC(=O)C1(CNC(=O)C2=CC=NC=C2)CCCCC1
ZINC000058406374; 0.345; CCCNC(=O)C1(CCCCC1)NC(=O)C1=CC=NC=C1
ZINC000006879111; 0.345; CC(=O)C1=CC2=C(OCO2)C=C1NC(=O)C1=CC=NC=C1
ZINC000033680723; 0.345; CC1=CC(NC(=O)C2=CC=NC=C2)=CC2=C1OCCO2
ZINC000154100868; 0.345; CC(=O)C1=C(NC(=O)C2=CC=NC=C2)C2=CC=CC=C2O1
ZINC000000192736; 0.345; OC(=O)C1=CC=C2C(=O)N(NC(=O)C3=CC=NC=C3)C(=O)C2=C1
ZINC000006662256; 0.345; O\\N=C\\C1=CC=C(C=N1)C(=O)NCCNC(=O)C1=CC=NC=C1
ZINC000000377285; 0.345; OC(=O)C1=CC=CC(NC(=S)NC(=O)C2=CC=NC=C2)=C1
ZINC000009883427; 0.345; FC1=CC=C(NC(=O)CNC(=O)C2=CC=NC=C2)C(F)=C1F
ZINC000040476610; 0.345; CN(CCCNC(=O)C1=CC=NC=C1)CC1=CC=CC=C1
ZINC000195542137; 0.345; CC1=CC=CC=C1C[C@@H](CNC(=O)C1=CC=NC=C1)C(O)=O
ZINC000195542138; 0.345; CC1=CC=CC=C1C[C@H](CNC(=O)C1=CC=NC=C1)C(O)=O
ZINC000254701955; 0.345; ClC1=C2C=NC=C(C=NNC(=O)C3=CC=NC=C3)C2=NN1
ZINC000048545153; 0.340; ClC1=CC=C(C=C1)C(=O)NCCC1=CC=NC=C1
ZINC000023041577; 0.340; O=C(NCCNC(=O)C1=CC=NC=C1)C1=CC=CO1
ZINC000000119540; 0.340; NS(=O)(=O)C1=CC=C(NC(=O)C2=CC=NC=C2)C=C1
ZINC000017584521; 0.340; CS(=O)(=O)C1=CC=C(C=C1)C(=O)NC1=CC=NC=C1
ZINC000000437958; 0.340; O=C(NCC1=CC=CC=C1)NC(=O)C1=CC=NC=C1
ZINC000017585697; 0.340; O=C(CNC(=O)C1=CC=CC=C1)NC1=CC=NC=C1
ZINC000089884919; 0.340; BrC1=CN(NC(=O)C2=CC=NC=C2)N=C1
ZINC000018125213; 0.340; O=C(NC1=NC2=CC=CC=C2S1)C1=CC=NC=C1
ZINC000012381931; 0.340; CC(C)C(=O)NC1=CC=C(C=C1)C(=O)NC1=CC=NC=C1
ZINC000001053766; 0.340; BrC1=CC=CC=C1CNC(=O)C1=CC=NC=C1
ZINC000014185430; 0.340; O=C(NCCSC1=CC=CC=C1)C1=CC=NC=C1
ZINC000000138052; 0.340; FC(F)(F)C1=CC=CC=C1NC(=O)C1=CC=NC=C1
ZINC000068593672; 0.340; NC1=CC(Cl)=C(NC(=O)C2=CC=NC=C2)C(Cl)=C1
ZINC000016576616; 0.340; BrC1=CC=C(C=C1)C(=O)NCCC1=CC=NC=C1
ZINC000011203178; 0.340; O=C(NC1=CC=C(NC(=O)C2=CC=NC=C2)C=C1)C1=CC=CO1
ZINC000004487367; 0.340; ClC1=CC=C(C=C1Cl)C(=O)NCCNC(=O)C1=CC=NC=C1
ZINC000005005617; 0.340; O=C(NC(C1=CC=CC=C1)C1=CC=CC=C1)NC(=O)C1=CC=NC=C1
ZINC000005612469; 0.340; O=C(NCC12CC3CC(CC(C3)C1)C2)C1=CC=NC=C1
ZINC000005171520; 0.340; [O-][N+](=O)C1=CC=C(C=C1)C(=O)NCCNC(=O)C1=CC=NC=C1
ZINC000042750142; 0.340; CO[C@@H](CNC(=O)C1=CC=NC=C1)C1=CC=CC=C1
ZINC000097237581; 0.340; CC1=CC2=C(OCO2)C=C1NC(=O)C1=CC=NC=C1
ZINC000069350791; 0.340; O[C@H](CNC(=O)C1=CC=NC=C1)C1=CC=C(Cl)C=C1
ZINC000096098567; 0.340; CC1=NC(=NC(C)=C1NC(=O)C1=CC=NC=C1)N1CCCC1
ZINC000040005111; 0.340; COC(=O)C1=CC=C(NC(=O)C2=CC=NC=C2)S1
ZINC000006697753; 0.340; CCCNC(=O)C1=CC=CC=C1NC(=O)C1=CC=NC=C1
ZINC000025420420; 0.340; CN(C)[C@@H](CNC(=O)C1=CC=NC=C1)C1=CC=CC=C1
ZINC000000129926; 0.340; COC(=O)C1=CC=CC(NC(=O)C2=CC=NC=C2)=C1
ZINC000014646406; 0.340; COCCOC1=CC=C(NC(=O)C2=CC=NC=C2)C=C1
ZINC000041297877; 0.340; CC(C)(CNC(=O)C1=CC=NC=C1)N1CCCCC1
ZINC000009220354; 0.340; CN1CCN(CC1)C1=CC=C(NC(=O)C2=CC=NC=C2)C=C1
ZINC000025420424; 0.340; CN(C)[C@H](CNC(=O)C1=CC=NC=C1)C1=CC=CC=C1
ZINC000020116593; 0.340; CC(C)(C)NC(=O)C1=CC=CC(NC(=O)C2=CC=NC=C2)=C1
ZINC000013626879; 0.340; CN(C)C(=O)C1=CC=CC(NC(=O)C2=CC=NC=C2)=C1
ZINC000042750144; 0.340; CO[C@H](CNC(=O)C1=CC=NC=C1)C1=CC=CC=C1
ZINC000006139885; 0.340; OC(=O)C(\\NC(=O)C1=CC=CC=C1)=C/C1=CC=CN=C1
ZINC000069350793; 0.340; O[C@@H](CNC(=O)C1=CC=NC=C1)C1=CC=C(Cl)C=C1
ZINC000002624803; 0.340; CC(C)CC1=NN=C(NC(=O)C2=CC=NC=C2)S1
ZINC000085470540; 0.340; CC(C)N(CC#CCNC(=O)C1=CC=NC=C1)C(C)C
ZINC000226260782; 0.340; CN(C)C1=CC=C(N)C=C1NC(=O)C1=CC=NC=C1
ZINC000005632141; 0.340; CC(=O)OC1=CC=C(C=C1)C(=O)NCC1=CC=NC=C1
ZINC000029159951; 0.340; CS(=O)(=O)NC1=CC=CC(NC(=O)C2=CC=NC=C2)=C1
ZINC000012685464; 0.340; CS(=O)(=O)C1=CC=CC(NC(=O)C2=CC=NC=C2)=C1
ZINC000014952517; 0.340; CN(C)C1=NC=CC=C1CNC(=O)C1=CC=NC=C1
ZINC000017168425; 0.340; CC1=CC=C(C=C1)C(=O)NCC(=O)NCC1=CC=NC=C1
ZINC000012406065; 0.340; COCCNC(=O)C1=CC=C(NC(=O)C2=CC=NC=C2)C=C1
ZINC000032913581; 0.340; CC1=CC(=CC=C1NC(=O)C1=CC=NC=C1)C(N)=O
ZINC000020085921; 0.340; OS(=O)(=O)C1=CC(NC(=O)C2=CC=NC=C2)=CC=C1
ZINC000004817386; 0.340; OC(=O)C(\\NC(=O)C1=CC=CC=C1)=C\\C1=CC=CN=C1
ZINC000095973919; 0.340; CC1=CN=C(NC(=O)C2=CC=NC=C2)C(Br)=C1
ZINC000003181098; 0.340; CCOC(CNC(=O)NC(=O)C1=CC=NC=C1)OCC
ZINC000012406035; 0.340; CC[C@H](C)NC(=O)C1=CC=C(NC(=O)C2=CC=NC=C2)C=C1
ZINC000032930665; 0.340; C[C@H](CC1=CC=C(Cl)C=C1)NC(=O)C1=CC=NC=C1
ZINC000004039091; 0.340; CCCOC(=O)C1=CC=C(NC(=O)C2=CC=NC=C2)C=C1
ZINC000007007999; 0.340; C\\C(=N/NC(=S)NC1=C(C)C=CC=C1C)C1=CC=NC=C1
ZINC000075402861; 0.340; CC1=CC(I)=CN=C1NC(=O)C1=CC=NC=C1
ZINC000008769084; 0.340; CCOC(=O)C1=CC(=CC(NC(=O)C2=CC=NC=C2)=C1)C(=O)OCC
ZINC000013566102; 0.340; CC(C)OC1=CC=C(C=C1)C(=O)NCCCNC(=O)C1=CC=NC=C1
ZINC000012483201; 0.340; CC1=CC=C(C)N1C1=CC=C(C=C1)C(=O)NCC1=CC=NC=C1
ZINC000022414049; 0.340; O=C(NCC1(CCCCC1)N1CCCCC1)C1=CC=NC=C1
ZINC000040108461; 0.340; C[C@H](CC1=CC=C(Br)C=C1)NC(=O)C1=CC=NC=C1
ZINC000040108460; 0.340; C[C@@H](CC1=CC=C(Br)C=C1)NC(=O)C1=CC=NC=C1
ZINC000073251983; 0.340; C[C@@H](NC(=O)C1=CC=NC=C1)C1=CC=C(C=C1)C1=CN=CN=C1
ZINC000081394737; 0.340; C[C@H](NC(=O)C1=CC=NC=C1)C1=CC=C(Br)S1
ZINC000073251980; 0.340; C[C@H](NC(=O)C1=CC=NC=C1)C1=CC=C(C=C1)C1=CN=CN=C1
ZINC000061718642; 0.340; CN1C=CC2=C(NC(=O)C3=CC=NC=C3)C=CC=C12
ZINC000000082030; 0.340; CC(C)NS(=O)(=O)C1=CC=C(NC(=O)C2=CC=NC=C2)C=C1
ZINC000000121416; 0.340; COC(=O)C1=CC=C(C(=O)OC)C(NC(=O)C2=CC=NC=C2)=C1
ZINC000014197797; 0.340; COC1=CC(CNC(=O)C2=CC=NC=C2)=CC(OC)=C1OC
ZINC000254289176; 0.340; CC(=NNC(=S)NC1=C(C)C=CC=C1C)C1=CC=NC=C1
ZINC000033191542; 0.340; C[C@H](NC(=O)C1=CC=NC=C1)C1=CC=C(Cl)S1
ZINC000036561585; 0.340; CC(C)OC1=CC=C(CNC(=O)C2=CC=NC=C2)C=C1
ZINC000072293589; 0.340; O=C(NC1=NNC(CCC2=CC=CC=C2)=C1)C1=CC=NC=C1
ZINC000009229986; 0.340; CCCC(=O)NC1=CC=CC(NC(=O)C2=CC=NC=C2)=C1
ZINC000010218656; 0.340; CCCOC1=CC=CC=C1NC(=O)C1=CC=NC=C1
ZINC000012406034; 0.340; CC[C@@H](C)NC(=O)C1=CC=C(NC(=O)C2=CC=NC=C2)C=C1
ZINC000006493780; 0.340; CC1=CC=C(C=C1)C1=CC(NC(=O)C2=CC=NC=C2)=NN1
ZINC000033191541; 0.340; C[C@@H](NC(=O)C1=CC=NC=C1)C1=CC=C(Cl)S1
ZINC000006697957; 0.340; CC(C)COC1=CC=C(NC(=O)C2=CC=NC=C2)C=C1
ZINC000032930664; 0.340; C[C@@H](CC1=CC=C(Cl)C=C1)NC(=O)C1=CC=NC=C1
ZINC000009822877; 0.339; CC(=C)COC1=CC=CC=C1NC(=O)C1=CC=NC=C1
ZINC000027676007; 0.339; CN(C)[C@@H](CNC(=O)C1=CC=NC=C1)C1=CC=CS1
ZINC000027676009; 0.339; CN(C)[C@H](CNC(=O)C1=CC=NC=C1)C1=CC=CS1
ZINC000049153145; 0.339; CC(C)OCC1=CC=CC(CNC(=O)C2=CC=NC=C2)=C1
ZINC000040122377; 0.339; CCCCOC1=CC=C(CCNC(=O)C2=CC=NC=C2)C=C1
ZINC000004749397; 0.339; CC1=CC=C(OC(F)F)C(NC(=O)C2=CC=NC=C2)=C1
ZINC000097143432; 0.339; C[C@](O)(CNC(=O)C1=CC=NC=C1)C1=CC=CC=C1Cl
ZINC000010423804; 0.339; CN1C=CN=C1SC1=CC=C(NC(=O)C2=CC=NC=C2)C=C1
ZINC000073658975; 0.327; OC1=CC(=CC=C1NC(=O)C1=CC=NC=C1)[N+]([O-])=O
ZINC000004043734; 0.327; CC1=CC(=CC=C1NC(=O)C1=CC=NC=C1)[N+]([O-])=O
ZINC000000240847; 0.327; CC1=CC=C(C=C1NC(=O)C1=CC=NC=C1)[N+]([O-])=O
ZINC000004814975; 0.327; [O-][N+](=O)C1=CC=C(C=C1)C(=O)NCCCNC(=O)C1=CC=NC=C1
ZINC000000290759; 0.321; CC1=CC=C(NC(=O)C2=CC=NC=C2)C=C1[N+]([O-])=O
